title;link;snippet
Mendoza compite por un lugar en la final de la Copa de Robótica ...;https://diariosanrafael.com.ar/mendoza-compite-por-un-lugar-en-la-final-de-la-copa-de-robotica-argentina/;19 hours ago ... El miércoles 20 de agosto, desde las 9, en la Nave Cultural Mendoza será la jornada ... 17/08/2025 · El Partido de los Jubilados presentó a sus candidatos para ...
DGE : Prensa Gobierno de Mendoza;https://www.mendoza.gov.ar/prensa/educacion-cultura-infancias-dge/dge/;2 hours ago ... DGE 14 DE AGOSTO, 2025. La Metodología Modelo Naciones Unidas en la Argentina fue presentada este miércoles en el Centro de Congresos y Exposiciones. Con ...
Karol G hará historia en el medio tiempo de la NFL;https://www.mdzol.com/napsix/karol-g-hara-historia-el-medio-tiempo-la-nfl-n1315934;18 hours ago ... Más allá de lo deportivo, la jornada será especial porque la NFL ... 2025. Copyright 2025 MDZol. Todos los derechos reservados. Publicidad. Publicidad. Ad.
Noticias de Paraná hoy | Noticias Paraná | Vía País;https://viapais.com.ar/parana/;2 hours ago ... 15-08-2025. Jornada de la industria 2025. Vía Paraná · UIER celebra su 21° Jornada de la Industria en Paraná con Prat-Gay, Darío Sztajnszrajber y Marcelo ...
Se desarrolló la 3ª Fecha del Campeonato Alvearense de Mountain ...;https://alvearmendoza.gob.ar/se-desarrollo-la-3a-fecha-del-campeonato-alvearense-de-mountain-bike/;2 hours ago ... ... Polideportivo Municipal y la Costanera Nueva, lo que ofrecerá mayores comodidades tanto para corredores como para el público. Prensa Muni2025-08-18T09:54:00 ...
Llega la ciclogénesis a la Argentina: así afectará el fenómeno ...;https://diariosanrafael.com.ar/llega-la-ciclogenesis-a-la-argentina-asi-afectara-el-fenomeno-meteorologico-a-mendoza/;18 hours ago ... ... 2025 en el centro de la Argentina donde Mendoza será afectada. En concreto ... Circulación calma durante toda la jornada. Nubosidad: Amanecer nublado ...
Vía Carlos Paz;https://viapais.com.ar/carlos-paz/;3 hours ago ... Vía Carlos Paz · Lluvias y bajas temperaturas en Villa Carlos Paz este lunes. Se espera una jornada con cielos mayormente cubiertos, lluvias intermitentes y ...
Gendarmes de Santiago del Estero entregaron juguetes en el marco ...;https://www.argentina.gob.ar/noticias/gendarmes-de-santiago-del-estero-entregaron-juguetes-en-el-marco-del-dia-de-las-infancias;2 hours ago ... Personal del Destacamento Móvil 5 compartió una jornada de juegos y donaciones para integrantes de una Escuela de la ciudad de La Banda. 18 de agosto de 2025.
DGE : Prensa Gobierno de Mendoza;https://www.mendoza.gov.ar/prensa/educacion-cultura-infancias-dge/dge/;2 hours ago ... Directores y supervisores del Sur provincial participaron en una jornada sobre el formato y los objetivos de la prueba que... Llega la Pisatón Mendoza 2025: la ...
Día de la Fuerza Aérea Argentina: Una Fuerza que se proyecta al ...;https://www.argentina.gob.ar/noticias/dia-de-la-fuerza-aerea-argentina-una-fuerza-que-se-proyecta-al-futuro;3 hours ago ... ... jornada. Posteriormente, los PA-28 Dakota y los Tecnam P2002 surcaron el ... Noticias relacionadas. 07 de julio de 2025. “Honor y gloria a la Aviación de ...
Últimas Noticias de Elecciones 2025 | Temas en Vía País;https://viapais.com.ar/temas/elecciones-2025/;3 hours ago ... Elecciones 2025 | Últimas Noticias de Elecciones 2025 | Temas en Vía País. ... En la jornada de las elecciones de medio término en Jujuy hubo demoras en la ...
Diario San Rafael;https://diariosanrafael.com.ar/;1 hour ago ... ... jornada que marcará un hito en la movilidad en... Traslado de ... Un estudio reveló la caída del nivel de felicidad en la población argentina en 2025.
